[
  {
    "purchaseSummaryId": "c452c304-0f7e-474f-b750-43c542df3412",
    "totalPurchased": 7599849.58,
    "changePercentage": -50.31,
    "date": "2023-05-27T05:20:14Z"
  },
  {
    "purchaseSummaryId": "1206e83e-0e1b-42e5-8ec5-35cd1080f09d",
    "totalPurchased": 5701783.0,
    "changePercentage": -89.63,
    "date": "2023-12-05T05:52:50Z"
  },
  {
    "purchaseSummaryId": "21491665-4761-4dea-b5f1-16b04d9f57bb",
    "totalPurchased": 2875081.56,
    "changePercentage": 97.28,
    "date": "2023-03-20T06:11:24Z"
  },
  {
    "purchaseSummaryId": "a8ae9a24-a851-4a75-be59-a16834827bb8",
    "totalPurchased": 5887134.05,
    "changePercentage": 84.43,
    "date": "2023-12-16T17:22:23Z"
  },
  {
    "purchaseSummaryId": "2de46932-fab9-41f6-87ca-8c06083a66f2",
    "totalPurchased": 6700381.67,
    "changePercentage": -15.4,
    "date": "2023-03-26T07:09:45Z"
  },
  {
    "purchaseSummaryId": "63409896-65aa-4f06-9bb6-fd0b6336eeb5",
    "totalPurchased": 3703183.4,
    "changePercentage": 93.36,
    "date": "2023-09-12T18:48:33Z"
  },
  {
    "purchaseSummaryId": "ab29178e-21a0-407f-8cef-8f99f5bd140c",
    "totalPurchased": 8183876.36,
    "changePercentage": 10.75,
    "date": "2023-07-13T19:13:53Z"
  },
  {
    "purchaseSummaryId": "1475b96b-0d32-4679-b8dc-050e446f8cf8",
    "totalPurchased": 6771390.73,
    "changePercentage": 8.17,
    "date": "2023-04-17T20:13:19Z"
  },
  {
    "purchaseSummaryId": "cd22c91d-af7a-4334-843c-0d9b3bd90bf8",
    "totalPurchased": 5362805.15,
    "changePercentage": -69.92,
    "date": "2023-12-30T11:00:31Z"
  },
  {
    "purchaseSummaryId": "b9952c34-ef74-41f8-9c44-76e0516dc7b9",
    "totalPurchased": 7901696.36,
    "changePercentage": -8.22,
    "date": "2024-01-02T01:46:59Z"
  },
  {
    "purchaseSummaryId": "677b220c-96b8-46b8-b367-be71b8a2fbb2",
    "totalPurchased": 592809.08,
    "changePercentage": -19.9,
    "date": "2023-07-07T19:23:16Z"
  },
  {
    "purchaseSummaryId": "584fec60-a573-4445-b23e-fd9d46eebcab",
    "totalPurchased": 787656.13,
    "changePercentage": -85.81,
    "date": "2023-07-10T16:48:15Z"
  },
  {
    "purchaseSummaryId": "124d1a24-3fd2-415d-9a6d-11737c319082",
    "totalPurchased": 1358410.16,
    "changePercentage": 81.52,
    "date": "2024-01-01T16:20:10Z"
  },
  {
    "purchaseSummaryId": "fd8bfb7f-a97c-4dd3-a3b3-d838c6dcc753",
    "totalPurchased": 9262819.3,
    "changePercentage": -13.2,
    "date": "2024-01-08T04:29:17Z"
  },
  {
    "purchaseSummaryId": "61d68449-e3ed-4fc7-b8f3-603c5c099ad0",
    "totalPurchased": 2892692.95,
    "changePercentage": 4.89,
    "date": "2023-07-24T18:44:29Z"
  },
  {
    "purchaseSummaryId": "a9c42568-3668-4750-93a4-b8798471acde",
    "totalPurchased": 8176245.28,
    "changePercentage": -80.84,
    "date": "2024-02-07T16:49:38Z"
  },
  {
    "purchaseSummaryId": "79d7b45a-ba98-437f-95b0-aa21c071709c",
    "totalPurchased": 6376329.63,
    "changePercentage": -17.35,
    "date": "2023-11-02T15:29:19Z"
  },
  {
    "purchaseSummaryId": "71fe4534-87fc-439f-b6c8-3022aa5e7d4b",
    "totalPurchased": 490177.73,
    "changePercentage": -65.94,
    "date": "2023-08-25T13:45:04Z"
  },
  {
    "purchaseSummaryId": "5c0a56c3-5140-447d-b992-a7d7c44d472d",
    "totalPurchased": 8033241.77,
    "changePercentage": -81.26,
    "date": "2023-11-16T18:22:18Z"
  },
  {
    "purchaseSummaryId": "bd1cf049-4f69-4180-a5d1-72f37beef632",
    "totalPurchased": 8113334.96,
    "changePercentage": 18.99,
    "date": "2023-07-17T01:23:37Z"
  },
  {
    "purchaseSummaryId": "6f24990f-336d-460e-84ad-810d159bad88",
    "totalPurchased": 2083304.59,
    "changePercentage": -80.93,
    "date": "2023-09-27T23:20:39Z"
  },
  {
    "purchaseSummaryId": "37e2ae04-638f-41cc-b838-4f7ebdd5f60b",
    "totalPurchased": 6278248.14,
    "changePercentage": 8.44,
    "date": "2023-11-29T20:52:03Z"
  },
  {
    "purchaseSummaryId": "a498409d-df59-46da-8065-ecaabc4e9225",
    "totalPurchased": 5013546.73,
    "changePercentage": -99.52,
    "date": "2023-08-01T12:30:43Z"
  },
  {
    "purchaseSummaryId": "b1972f5c-50d3-4c8e-b3d2-d2ad12c86277",
    "totalPurchased": 7883690.1,
    "changePercentage": -95.76,
    "date": "2024-01-17T21:08:06Z"
  },
  {
    "purchaseSummaryId": "d9d14c29-f07f-4cb5-8271-0330825e8159",
    "totalPurchased": 9402337.34,
    "changePercentage": 81.92,
    "date": "2024-01-21T00:14:36Z"
  },
  {
    "purchaseSummaryId": "4fc51811-2e51-4776-b9b5-181e5f422f6a",
    "totalPurchased": 4571470.93,
    "changePercentage": -19.34,
    "date": "2023-06-01T18:39:59Z"
  },
  {
    "purchaseSummaryId": "ccfd8bd5-c2a1-4d13-bec1-74157854773a",
    "totalPurchased": 4718798.68,
    "changePercentage": 95.35,
    "date": "2024-02-06T03:40:01Z"
  },
  {
    "purchaseSummaryId": "c2ecb47d-7b26-4e78-8b48-96a436c434bd",
    "totalPurchased": 1087744.03,
    "changePercentage": 24.69,
    "date": "2024-01-28T09:04:52Z"
  },
  {
    "purchaseSummaryId": "5fc29456-3bcc-4b2c-9096-3c36bcfae126",
    "totalPurchased": 3256718.55,
    "changePercentage": 68.1,
    "date": "2023-08-07T10:29:19Z"
  },
  {
    "purchaseSummaryId": "3b42e538-f6b8-4d8b-8778-9c052a581d58",
    "totalPurchased": 826579.41,
    "changePercentage": -87.81,
    "date": "2023-11-19T02:00:54Z"
  }
]
